{
  "phi_tot": [0.24, 0.26, 0.28, 0.30],
  "phi_c_bulk_target": [0.06, 0.073333, 0.086667, 0.10, 0.113333, 0.126667, 0.14, 0.153333, 0.166667, 0.18],
  "T": [1.0, 2.0, 4.0],
  "P": [45000000.0, 55000000.0, 65000000.0],
  "d_p": [5e-05, 8e-05, 0.00012],
  "U_bulk_target": [0.6, 0.733333, 0.866667, 1.0, 1.133333, 1.266667, 1.4, 1.533333, 1.666667, 1.8]
}
